ID,FirstName,LastName,StreetAddress,City,State,PostalCode
6953,first-6953,last-6953,street-6953,city-6953,ca,postal-6953
9338,first-9338,last-9338,street-9338,city-9338,mi,postal-9338
7562,first-7562,last-7562,street-7562,city-7562,ak,postal-7562
376,first-376,last-376,street-376,city-376,ca,postal-376
13643,first-13643,last-13643,street-13643,city-13643,ny,postal-13643
17566,first-17566,last-17566,street-17566,city-17566,wv,postal-17566
8710,first-8710,last-8710,street-8710,city-8710,ma,postal-8710
24319,first-24319,last-24319,street-24319,city-24319,or,postal-24319
12835,first-12835,last-12835,street-12835,city-12835,va,postal-12835
10763,first-10763,last-10763,street-10763,city-10763,wv,postal-10763
16394,first-16394,last-16394,street-16394,city-16394,ma,postal-16394
7877,first-7877,last-7877,street-7877,city-7877,sc,postal-7877
24627,first-24627,last-24627,street-24627,city-24627,wv,postal-24627
20854,first-20854,last-20854,street-20854,city-20854,ca,postal-20854
12249,first-12249,last-12249,street-12249,city-12249,ny,postal-12249
14709,first-14709,last-14709,street-14709,city-14709,nc,postal-14709
18723,first-18723,last-18723,street-18723,city-18723,ma,postal-18723
7072,first-7072,last-7072,street-7072,city-7072,nv,postal-7072
18023,first-18023,last-18023,street-18023,city-18023,va,postal-18023
11711,first-11711,last-11711,street-11711,city-11711,nc,postal-11711
17857,first-17857,last-17857,street-17857,city-17857,tn,postal-17857
14081,first-14081,last-14081,street-14081,city-14081,or,postal-14081
6476,first-6476,last-6476,street-6476,city-6476,ca,postal-6476
17095,first-17095,last-17095,street-17095,city-17095,mn,postal-17095
20753,first-20753,last-20753,street-20753,city-20753,ny,postal-20753
24416,first-24416,last-24416,street-24416,city-24416,va,postal-24416
16317,first-16317,last-16317,street-16317,city-16317,nc,postal-16317
6148,first-6148,last-6148,street-6148,city-6148,wv,postal-6148
9020,first-9020,last-9020,street-9020,city-9020,mn,postal-9020
17403,first-17403,last-17403,street-17403,city-17403,sc,postal-17403
10829,first-10829,last-10829,street-10829,city-10829,sc,postal-10829
2238,first-2238,last-2238,street-2238,city-2238,or,postal-2238
20029,first-20029,last-20029,street-20029,city-20029,nc,postal-20029
1034,first-1034,last-1034,street-1034,city-1034,nc,postal-1034
10132,first-10132,last-10132,street-10132,city-10132,ca,postal-10132
18194,first-18194,last-18194,street-18194,city-18194,nv,postal-18194
1907,first-1907,last-1907,street-1907,city-1907,or,postal-1907
10601,first-10601,last-10601,street-10601,city-10601,mn,postal-10601
2434,first-2434,last-2434,street-2434,city-2434,ma,postal-2434
1844,first-1844,last-1844,street-1844,city-1844,mn,postal-1844
21300,first-21300,last-21300,street-21300,city-21300,ma,postal-21300
5422,first-5422,last-5422,street-5422,city-5422,va,postal-5422
22863,first-22863,last-22863,street-22863,city-22863,ca,postal-22863
17317,first-17317,last-17317,street-17317,city-17317,wv,postal-17317
13063,first-13063,last-13063,street-13063,city-13063,al,postal-13063
3191,first-3191,last-3191,street-3191,city-3191,or,postal-3191
17217,first-17217,last-17217,street-17217,city-17217,va,postal-17217
18389,first-18389,last-18389,street-18389,city-18389,mi,postal-18389
16661,first-16661,last-16661,street-16661,city-16661,wv,postal-16661
7931,first-7931,last-7931,street-7931,city-7931,tn,postal-7931
14153,first-14153,last-14153,street-14153,city-14153,ma,postal-14153
14144,first-14144,last-14144,street-14144,city-14144,tn,postal-14144
2445,first-2445,last-2445,street-2445,city-2445,ma,postal-2445
1471,first-1471,last-1471,street-1471,city-1471,nc,postal-1471
18987,first-18987,last-18987,street-18987,city-18987,nv,postal-18987
23400,first-23400,last-23400,street-23400,city-23400,ca,postal-23400
19740,first-19740,last-19740,street-19740,city-19740,ny,postal-19740
17070,first-17070,last-17070,street-17070,city-17070,mn,postal-17070
10598,first-10598,last-10598,street-10598,city-10598,sc,postal-10598
15133,first-15133,last-15133,street-15133,city-15133,tn,postal-15133
4671,first-4671,last-4671,street-4671,city-4671,nc,postal-4671
6961,first-6961,last-6961,street-6961,city-6961,nv,postal-6961
11115,first-11115,last-11115,street-11115,city-11115,ma,postal-11115
22914,first-22914,last-22914,street-22914,city-22914,ny,postal-22914
19599,first-19599,last-19599,street-19599,city-19599,ak,postal-19599
12216,first-12216,last-12216,street-12216,city-12216,sc,postal-12216
7581,first-7581,last-7581,street-7581,city-7581,ca,postal-7581
5248,first-5248,last-5248,street-5248,city-5248,ca,postal-5248
20089,first-20089,last-20089,street-20089,city-20089,mn,postal-20089
9510,first-9510,last-9510,street-9510,city-9510,nv,postal-9510
17176,first-17176,last-17176,street-17176,city-17176,ak,postal-17176
2770,first-2770,last-2770,street-2770,city-2770,nc,postal-2770
5446,first-5446,last-5446,street-5446,city-5446,nv,postal-5446
13213,first-13213,last-13213,street-13213,city-13213,or,postal-13213
12853,first-12853,last-12853,street-12853,city-12853,al,postal-12853
14851,first-14851,last-14851,street-14851,city-14851,ca,postal-14851
12862,first-12862,last-12862,street-12862,city-12862,ma,postal-12862
20576,first-20576,last-20576,street-20576,city-20576,or,postal-20576
6624,first-6624,last-6624,street-6624,city-6624,mn,postal-6624
15935,first-15935,last-15935,street-15935,city-15935,wv,postal-15935
14494,first-14494,last-14494,street-14494,city-14494,nv,postal-14494
3696,first-3696,last-3696,street-3696,city-3696,nv,postal-3696
12943,first-12943,last-12943,street-12943,city-12943,sc,postal-12943
22510,first-22510,last-22510,street-22510,city-22510,al,postal-22510
16584,first-16584,last-16584,street-16584,city-16584,ny,postal-16584
7427,first-7427,last-7427,street-7427,city-7427,ma,postal-7427
17657,first-17657,last-17657,street-17657,city-17657,va,postal-17657
21283,first-21283,last-21283,street-21283,city-21283,al,postal-21283
6134,first-6134,last-6134,street-6134,city-6134,sc,postal-6134
15179,first-15179,last-15179,street-15179,city-15179,ma,postal-15179
8753,first-8753,last-8753,street-8753,city-8753,nc,postal-8753
14338,first-14338,last-14338,street-14338,city-14338,ma,postal-14338
22529,first-22529,last-22529,street-22529,city-22529,nc,postal-22529
2424,first-2424,last-2424,street-2424,city-2424,ak,postal-2424
1497,first-1497,last-1497,street-1497,city-1497,va,postal-1497
7560,first-7560,last-7560,street-7560,city-7560,or,postal-7560
1944,first-1944,last-1944,street-1944,city-1944,ak,postal-1944
5736,first-5736,last-5736,street-5736,city-5736,ca,postal-5736
9665,first-9665,last-9665,street-9665,city-9665,mi,postal-9665
16844,first-16844,last-16844,street-16844,city-16844,or,postal-16844
23429,first-23429,last-23429,street-23429,city-23429,ak,postal-23429
13446,first-13446,last-13446,street-13446,city-13446,ma,postal-13446
22127,first-22127,last-22127,street-22127,city-22127,mi,postal-22127
7850,first-7850,last-7850,street-7850,city-7850,mn,postal-7850
17791,first-17791,last-17791,street-17791,city-17791,nv,postal-17791
69,first-69,last-69,street-69,city-69,nv,postal-69
18429,first-18429,last-18429,street-18429,city-18429,va,postal-18429
22305,first-22305,last-22305,street-22305,city-22305,al,postal-22305
9165,first-9165,last-9165,street-9165,city-9165,mn,postal-9165
21639,first-21639,last-21639,street-21639,city-21639,ny,postal-21639
2945,first-2945,last-2945,street-2945,city-2945,ma,postal-2945
20572,first-20572,last-20572,street-20572,city-20572,mi,postal-20572
10902,first-10902,last-10902,street-10902,city-10902,mn,postal-10902
8546,first-8546,last-8546,street-8546,city-8546,or,postal-8546
15848,first-15848,last-15848,street-15848,city-15848,ny,postal-15848
7568,first-7568,last-7568,street-7568,city-7568,ca,postal-7568
21999,first-21999,last-21999,street-21999,city-21999,ma,postal-21999
9918,first-9918,last-9918,street-9918,city-9918,al,postal-9918
7798,first-7798,last-7798,street-7798,city-7798,va,postal-7798
19067,first-19067,last-19067,street-19067,city-19067,nc,postal-19067
1411,first-1411,last-1411,street-1411,city-1411,nc,postal-1411
19632,first-19632,last-19632,street-19632,city-19632,nc,postal-19632
8310,first-8310,last-8310,street-8310,city-8310,ny,postal-8310
21753,first-21753,last-21753,street-21753,city-21753,ny,postal-21753
4243,first-4243,last-4243,street-4243,city-4243,mn,postal-4243
15970,first-15970,last-15970,street-15970,city-15970,mi,postal-15970
21806,first-21806,last-21806,street-21806,city-21806,al,postal-21806
4141,first-4141,last-4141,street-4141,city-4141,ak,postal-4141
16337,first-16337,last-16337,street-16337,city-16337,mi,postal-16337
18791,first-18791,last-18791,street-18791,city-18791,wv,postal-18791
20196,first-20196,last-20196,street-20196,city-20196,ny,postal-20196
385,first-385,last-385,street-385,city-385,nv,postal-385
10958,first-10958,last-10958,street-10958,city-10958,al,postal-10958
3025,first-3025,last-3025,street-3025,city-3025,al,postal-3025
15865,first-15865,last-15865,street-15865,city-15865,wv,postal-15865
21366,first-21366,last-21366,street-21366,city-21366,mn,postal-21366
3736,first-3736,last-3736,street-3736,city-3736,mn,postal-3736
10450,first-10450,last-10450,street-10450,city-10450,mn,postal-10450
5695,first-5695,last-5695,street-5695,city-5695,ca,postal-5695
17166,first-17166,last-17166,street-17166,city-17166,ny,postal-17166
9090,first-9090,last-9090,street-9090,city-9090,sc,postal-9090
5760,first-5760,last-5760,street-5760,city-5760,tn,postal-5760
2202,first-2202,last-2202,street-2202,city-2202,ny,postal-2202
4584,first-4584,last-4584,street-4584,city-4584,mi,postal-4584
6487,first-6487,last-6487,street-6487,city-6487,mn,postal-6487
14453,first-14453,last-14453,street-14453,city-14453,sc,postal-14453
10262,first-10262,last-10262,street-10262,city-10262,ny,postal-10262
16441,first-16441,last-16441,street-16441,city-16441,ak,postal-16441
23264,first-23264,last-23264,street-23264,city-23264,nc,postal-23264
16186,first-16186,last-16186,street-16186,city-16186,va,postal-16186
8889,first-8889,last-8889,street-8889,city-8889,ca,postal-8889
12203,first-12203,last-12203,street-12203,city-12203,wv,postal-12203
10459,first-10459,last-10459,street-10459,city-10459,or,postal-10459
9591,first-9591,last-9591,street-9591,city-9591,sc,postal-9591
1130,first-1130,last-1130,street-1130,city-1130,tn,postal-1130
22634,first-22634,last-22634,street-22634,city-22634,tn,postal-22634
2840,first-2840,last-2840,street-2840,city-2840,sc,postal-2840
15606,first-15606,last-15606,street-15606,city-15606,ak,postal-15606
12776,first-12776,last-12776,street-12776,city-12776,ca,postal-12776
2738,first-2738,last-2738,street-2738,city-2738,ak,postal-2738
22885,first-22885,last-22885,street-22885,city-22885,ny,postal-22885
4497,first-4497,last-4497,street-4497,city-4497,mn,postal-4497
4764,first-4764,last-4764,street-4764,city-4764,sc,postal-4764
7620,first-7620,last-7620,street-7620,city-7620,al,postal-7620
11871,first-11871,last-11871,street-11871,city-11871,ca,postal-11871
15332,first-15332,last-15332,street-15332,city-15332,or,postal-15332
9018,first-9018,last-9018,street-9018,city-9018,nv,postal-9018
23710,first-23710,last-23710,street-23710,city-23710,ca,postal-23710
282,first-282,last-282,street-282,city-282,ca,postal-282
11717,first-11717,last-11717,street-11717,city-11717,nv,postal-11717
2877,first-2877,last-2877,street-2877,city-2877,va,postal-2877
14466,first-14466,last-14466,street-14466,city-14466,mn,postal-14466
16504,first-16504,last-16504,street-16504,city-16504,al,postal-16504
19565,first-19565,last-19565,street-19565,city-19565,nc,postal-19565
5654,first-5654,last-5654,street-5654,city-5654,ny,postal-5654
24002,first-24002,last-24002,street-24002,city-24002,nv,postal-24002
22602,first-22602,last-22602,street-22602,city-22602,or,postal-22602
10278,first-10278,last-10278,street-10278,city-10278,sc,postal-10278
16353,first-16353,last-16353,street-16353,city-16353,nc,postal-16353
20311,first-20311,last-20311,street-20311,city-20311,mn,postal-20311
23645,first-23645,last-23645,street-23645,city-23645,tn,postal-23645
5846,first-5846,last-5846,street-5846,city-5846,ca,postal-5846
10816,first-10816,last-10816,street-10816,city-10816,or,postal-10816
14194,first-14194,last-14194,street-14194,city-14194,al,postal-14194
2658,first-2658,last-2658,street-2658,city-2658,sc,postal-2658
19109,first-19109,last-19109,street-19109,city-19109,ca,postal-19109
6069,first-6069,last-6069,street-6069,city-6069,ak,postal-6069
886,first-886,last-886,street-886,city-886,ak,postal-886
7717,first-7717,last-7717,street-7717,city-7717,ma,postal-7717
10396,first-10396,last-10396,street-10396,city-10396,mi,postal-10396
5955,first-5955,last-5955,street-5955,city-5955,mn,postal-5955
24669,first-24669,last-24669,street-24669,city-24669,nc,postal-24669
2792,first-2792,last-2792,street-2792,city-2792,nc,postal-2792
22822,first-22822,last-22822,street-22822,city-22822,va,postal-22822
9515,first-9515,last-9515,street-9515,city-9515,or,postal-9515
8985,first-8985,last-8985,street-8985,city-8985,mi,postal-8985
8757,first-8757,last-8757,street-8757,city-8757,mn,postal-8757
767,first-767,last-767,street-767,city-767,mi,postal-767
4551,first-4551,last-4551,street-4551,city-4551,ma,postal-4551
11202,first-11202,last-11202,street-11202,city-11202,ak,postal-11202
21056,first-21056,last-21056,street-21056,city-21056,mn,postal-21056
12996,first-12996,last-12996,street-12996,city-12996,mn,postal-12996
13599,first-13599,last-13599,street-13599,city-13599,wv,postal-13599
2377,first-2377,last-2377,street-2377,city-2377,ca,postal-2377
23462,first-23462,last-23462,street-23462,city-23462,ma,postal-23462
185,first-185,last-185,street-185,city-185,mn,postal-185
15724,first-15724,last-15724,street-15724,city-15724,nc,postal-15724
17622,first-17622,last-17622,street-17622,city-17622,tn,postal-17622
14700,first-14700,last-14700,street-14700,city-14700,ak,postal-14700
14079,first-14079,last-14079,street-14079,city-14079,va,postal-14079
14467,first-14467,last-14467,street-14467,city-14467,ak,postal-14467
4158,first-4158,last-4158,street-4158,city-4158,nv,postal-4158
16618,first-16618,last-16618,street-16618,city-16618,or,postal-16618
21884,first-21884,last-21884,street-21884,city-21884,wv,postal-21884
1602,first-1602,last-1602,street-1602,city-1602,mi,postal-1602
5593,first-5593,last-5593,street-5593,city-5593,wv,postal-5593
23354,first-23354,last-23354,street-23354,city-23354,or,postal-23354
20931,first-20931,last-20931,street-20931,city-20931,mi,postal-20931
3900,first-3900,last-3900,street-3900,city-3900,nc,postal-3900
5991,first-5991,last-5991,street-5991,city-5991,va,postal-5991
2347,first-2347,last-2347,street-2347,city-2347,sc,postal-2347
5389,first-5389,last-5389,street-5389,city-5389,ca,postal-5389
12194,first-12194,last-12194,street-12194,city-12194,nv,postal-12194
21820,first-21820,last-21820,street-21820,city-21820,or,postal-21820
6885,first-6885,last-6885,street-6885,city-6885,or,postal-6885
11958,first-11958,last-11958,street-11958,city-11958,nv,postal-11958
9048,first-9048,last-9048,street-9048,city-9048,va,postal-9048
8448,first-8448,last-8448,street-8448,city-8448,mi,postal-8448
20777,first-20777,last-20777,street-20777,city-20777,nv,postal-20777
5083,first-5083,last-5083,street-5083,city-5083,va,postal-5083
7005,first-7005,last-7005,street-7005,city-7005,mi,postal-7005
4187,first-4187,last-4187,street-4187,city-4187,va,postal-4187
4655,first-4655,last-4655,street-4655,city-4655,sc,postal-4655
9948,first-9948,last-9948,street-9948,city-9948,al,postal-9948
10807,first-10807,last-10807,street-10807,city-10807,ca,postal-10807
2229,first-2229,last-2229,street-2229,city-2229,mi,postal-2229
3922,first-3922,last-3922,street-3922,city-3922,al,postal-3922
20871,first-20871,last-20871,street-20871,city-20871,ny,postal-20871
8291,first-8291,last-8291,street-8291,city-8291,tn,postal-8291
17423,first-17423,last-17423,street-17423,city-17423,ny,postal-17423
3561,first-3561,last-3561,street-3561,city-3561,ak,postal-3561
8282,first-8282,last-8282,street-8282,city-8282,wv,postal-8282
2060,first-2060,last-2060,street-2060,city-2060,mn,postal-2060
22500,first-22500,last-22500,street-22500,city-22500,mi,postal-22500
10751,first-10751,last-10751,street-10751,city-10751,or,postal-10751
4131,first-4131,last-4131,street-4131,city-4131,ma,postal-4131
2642,first-2642,last-2642,street-2642,city-2642,va,postal-2642
9145,first-9145,last-9145,street-9145,city-9145,ma,postal-9145
18767,first-18767,last-18767,street-18767,city-18767,ca,postal-18767
15312,first-15312,last-15312,street-15312,city-15312,va,postal-15312
21288,first-21288,last-21288,street-21288,city-21288,ma,postal-21288
15619,first-15619,last-15619,street-15619,city-15619,mi,postal-15619
824,first-824,last-824,street-824,city-824,ma,postal-824
805,first-805,last-805,street-805,city-805,mn,postal-805
14638,first-14638,last-14638,street-14638,city-14638,nv,postal-14638
5918,first-5918,last-5918,street-5918,city-5918,nc,postal-5918
17432,first-17432,last-17432,street-17432,city-17432,sc,postal-17432
24992,first-24992,last-24992,street-24992,city-24992,or,postal-24992
16860,first-16860,last-16860,street-16860,city-16860,nc,postal-16860
16021,first-16021,last-16021,street-16021,city-16021,wv,postal-16021
15001,first-15001,last-15001,street-15001,city-15001,nc,postal-15001
117,first-117,last-117,street-117,city-117,or,postal-117
24877,first-24877,last-24877,street-24877,city-24877,al,postal-24877
12817,first-12817,last-12817,street-12817,city-12817,ma,postal-12817
7085,first-7085,last-7085,street-7085,city-7085,mi,postal-7085
4176,first-4176,last-4176,street-4176,city-4176,mn,postal-4176
22250,first-22250,last-22250,street-22250,city-22250,nv,postal-22250
20727,first-20727,last-20727,street-20727,city-20727,va,postal-20727
7745,first-7745,last-7745,street-7745,city-7745,ca,postal-7745
15167,first-15167,last-15167,street-15167,city-15167,mi,postal-15167
24243,first-24243,last-24243,street-24243,city-24243,ny,postal-24243
21559,first-21559,last-21559,street-21559,city-21559,nc,postal-21559
1928,first-1928,last-1928,street-1928,city-1928,nc,postal-1928
14172,first-14172,last-14172,street-14172,city-14172,nv,postal-14172
19961,first-19961,last-19961,street-19961,city-19961,ca,postal-19961
9397,first-9397,last-9397,street-9397,city-9397,ak,postal-9397
24474,first-24474,last-24474,street-24474,city-24474,sc,postal-24474
9110,first-9110,last-9110,street-9110,city-9110,or,postal-9110
23485,first-23485,last-23485,street-23485,city-23485,ak,postal-23485
2207,first-2207,last-2207,street-2207,city-2207,ma,postal-2207
16988,first-16988,last-16988,street-16988,city-16988,al,postal-16988
22514,first-22514,last-22514,street-22514,city-22514,wv,postal-22514
17330,first-17330,last-17330,street-17330,city-17330,wv,postal-17330
17379,first-17379,last-17379,street-17379,city-17379,tn,postal-17379
19554,first-19554,last-19554,street-19554,city-19554,or,postal-19554
19200,first-19200,last-19200,street-19200,city-19200,ak,postal-19200
4994,first-4994,last-4994,street-4994,city-4994,nv,postal-4994
22539,first-22539,last-22539,street-22539,city-22539,tn,postal-22539
261,first-261,last-261,street-261,city-261,ma,postal-261
20850,first-20850,last-20850,street-20850,city-20850,ny,postal-20850
9012,first-9012,last-9012,street-9012,city-9012,mn,postal-9012
9463,first-9463,last-9463,street-9463,city-9463,ny,postal-9463
9982,first-9982,last-9982,street-9982,city-9982,nv,postal-9982
1806,first-1806,last-1806,street-1806,city-1806,ca,postal-1806
12609,first-12609,last-12609,street-12609,city-12609,ak,postal-12609
13536,first-13536,last-13536,street-13536,city-13536,ca,postal-13536
13875,first-13875,last-13875,street-13875,city-13875,or,postal-13875
4060,first-4060,last-4060,street-4060,city-4060,ma,postal-4060
12437,first-12437,last-12437,street-12437,city-12437,ak,postal-12437
21805,first-21805,last-21805,street-21805,city-21805,ma,postal-21805
140,first-140,last-140,street-140,city-140,ma,postal-140
2980,first-2980,last-2980,street-2980,city-2980,nv,postal-2980
23775,first-23775,last-23775,street-23775,city-23775,sc,postal-23775
7493,first-7493,last-7493,street-7493,city-7493,ca,postal-7493
3942,first-3942,last-3942,street-3942,city-3942,ma,postal-3942
20564,first-20564,last-20564,street-20564,city-20564,nc,postal-20564
18898,first-18898,last-18898,street-18898,city-18898,nc,postal-18898
18698,first-18698,last-18698,street-18698,city-18698,ak,postal-18698
23484,first-23484,last-23484,street-23484,city-23484,nc,postal-23484
6059,first-6059,last-6059,street-6059,city-6059,ny,postal-6059
10571,first-10571,last-10571,street-10571,city-10571,sc,postal-10571
2375,first-2375,last-2375,street-2375,city-2375,nc,postal-2375
15202,first-15202,last-15202,street-15202,city-15202,al,postal-15202
10742,first-10742,last-10742,street-10742,city-10742,va,postal-10742
10591,first-10591,last-10591,street-10591,city-10591,al,postal-10591
931,first-931,last-931,street-931,city-931,nv,postal-931
10332,first-10332,last-10332,street-10332,city-10332,ny,postal-10332
2,first-2,last-2,street-2,city-2,mi,postal-2
1137,first-1137,last-1137,street-1137,city-1137,va,postal-1137
23362,first-23362,last-23362,street-23362,city-23362,wv,postal-23362
568,first-568,last-568,street-568,city-568,ak,postal-568
15914,first-15914,last-15914,street-15914,city-15914,ak,postal-15914
14002,first-14002,last-14002,street-14002,city-14002,sc,postal-14002
5087,first-5087,last-5087,street-5087,city-5087,or,postal-5087
12712,first-12712,last-12712,street-12712,city-12712,ny,postal-12712
9104,first-9104,last-9104,street-9104,city-9104,al,postal-9104
7404,first-7404,last-7404,street-7404,city-7404,ca,postal-7404
1332,first-1332,last-1332,street-1332,city-1332,nv,postal-1332
11185,first-11185,last-11185,street-11185,city-11185,wv,postal-11185
5628,first-5628,last-5628,street-5628,city-5628,wv,postal-5628
8749,first-8749,last-8749,street-8749,city-8749,tn,postal-8749
24579,first-24579,last-24579,street-24579,city-24579,tn,postal-24579
12937,first-12937,last-12937,street-12937,city-12937,al,postal-12937
2814,first-2814,last-2814,street-2814,city-2814,ca,postal-2814
13118,first-13118,last-13118,street-13118,city-13118,wv,postal-13118
21587,first-21587,last-21587,street-21587,city-21587,wv,postal-21587
19157,first-19157,last-19157,street-19157,city-19157,nc,postal-19157
5105,first-5105,last-5105,street-5105,city-5105,or,postal-5105
2920,first-2920,last-2920,street-2920,city-2920,ca,postal-2920
15730,first-15730,last-15730,street-15730,city-15730,mi,postal-15730
2625,first-2625,last-2625,street-2625,city-2625,or,postal-2625
12260,first-12260,last-12260,street-12260,city-12260,ma,postal-12260
18123,first-18123,last-18123,street-18123,city-18123,tn,postal-18123
16192,first-16192,last-16192,street-16192,city-16192,va,postal-16192
10844,first-10844,last-10844,street-10844,city-10844,ny,postal-10844
9425,first-9425,last-9425,street-9425,city-9425,ak,postal-9425
12372,first-12372,last-12372,street-12372,city-12372,wv,postal-12372
1380,first-1380,last-1380,street-1380,city-1380,ak,postal-1380
16833,first-16833,last-16833,street-16833,city-16833,ma,postal-16833
11457,first-11457,last-11457,street-11457,city-11457,al,postal-11457
24291,first-24291,last-24291,street-24291,city-24291,ak,postal-24291
24777,first-24777,last-24777,street-24777,city-24777,mn,postal-24777
8505,first-8505,last-8505,street-8505,city-8505,ak,postal-8505
21289,first-21289,last-21289,street-21289,city-21289,ma,postal-21289
16547,first-16547,last-16547,street-16547,city-16547,ny,postal-16547
23549,first-23549,last-23549,street-23549,city-23549,ny,postal-23549
2633,first-2633,last-2633,street-2633,city-2633,mi,postal-2633
14874,first-14874,last-14874,street-14874,city-14874,mi,postal-14874
9059,first-9059,last-9059,street-9059,city-9059,mn,postal-9059
5216,first-5216,last-5216,street-5216,city-5216,mi,postal-5216
16078,first-16078,last-16078,street-16078,city-16078,nv,postal-16078
12580,first-12580,last-12580,street-12580,city-12580,ma,postal-12580
3246,first-3246,last-3246,street-3246,city-3246,or,postal-3246
14167,first-14167,last-14167,street-14167,city-14167,sc,postal-14167
10863,first-10863,last-10863,street-10863,city-10863,ny,postal-10863
3757,first-3757,last-3757,street-3757,city-3757,ca,postal-3757
2146,first-2146,last-2146,street-2146,city-2146,sc,postal-2146
12625,first-12625,last-12625,street-12625,city-12625,nc,postal-12625
7535,first-7535,last-7535,street-7535,city-7535,ma,postal-7535
21212,first-21212,last-21212,street-21212,city-21212,al,postal-21212
7774,first-7774,last-7774,street-7774,city-7774,sc,postal-7774
11369,first-11369,last-11369,street-11369,city-11369,mi,postal-11369
2090,first-2090,last-2090,street-2090,city-2090,sc,postal-2090
24485,first-24485,last-24485,street-24485,city-24485,tn,postal-24485
68,first-68,last-68,street-68,city-68,or,postal-68
11033,first-11033,last-11033,street-11033,city-11033,ny,postal-11033
13362,first-13362,last-13362,street-13362,city-13362,ca,postal-13362
6652,first-6652,last-6652,street-6652,city-6652,ma,postal-6652
7419,first-7419,last-7419,street-7419,city-7419,va,postal-7419
24177,first-24177,last-24177,street-24177,city-24177,ca,postal-24177
16195,first-16195,last-16195,street-16195,city-16195,ca,postal-16195
2405,first-2405,last-2405,street-2405,city-2405,or,postal-2405
13830,first-13830,last-13830,street-13830,city-13830,wv,postal-13830
24771,first-24771,last-24771,street-24771,city-24771,ca,postal-24771
8398,first-8398,last-8398,street-8398,city-8398,tn,postal-8398
24306,first-24306,last-24306,street-24306,city-24306,ny,postal-24306
14926,first-14926,last-14926,street-14926,city-14926,wv,postal-14926
15498,first-15498,last-15498,street-15498,city-15498,al,postal-15498
8443,first-8443,last-8443,street-8443,city-8443,nc,postal-8443
4797,first-4797,last-4797,street-4797,city-4797,or,postal-4797
7685,first-7685,last-7685,street-7685,city-7685,wv,postal-7685
6190,first-6190,last-6190,street-6190,city-6190,mn,postal-6190
500,first-500,last-500,street-500,city-500,ak,postal-500
12931,first-12931,last-12931,street-12931,city-12931,ma,postal-12931
18365,first-18365,last-18365,street-18365,city-18365,ma,postal-18365
14873,first-14873,last-14873,street-14873,city-14873,mn,postal-14873
11847,first-11847,last-11847,street-11847,city-11847,ma,postal-11847
24575,first-24575,last-24575,street-24575,city-24575,wv,postal-24575
13345,first-13345,last-13345,street-13345,city-13345,mi,postal-13345
15456,first-15456,last-15456,street-15456,city-15456,ca,postal-15456
2853,first-2853,last-2853,street-2853,city-2853,tn,postal-2853
8368,first-8368,last-8368,street-8368,city-8368,ak,postal-8368
5983,first-5983,last-5983,street-5983,city-5983,sc,postal-5983
15534,first-15534,last-15534,street-15534,city-15534,sc,postal-15534
8729,first-8729,last-8729,street-8729,city-8729,ca,postal-8729
5960,first-5960,last-5960,street-5960,city-5960,ak,postal-5960
17309,first-17309,last-17309,street-17309,city-17309,sc,postal-17309
9877,first-9877,last-9877,street-9877,city-9877,ny,postal-9877
13970,first-13970,last-13970,street-13970,city-13970,va,postal-13970
22547,first-22547,last-22547,street-22547,city-22547,sc,postal-22547
21378,first-21378,last-21378,street-21378,city-21378,nv,postal-21378
14142,first-14142,last-14142,street-14142,city-14142,or,postal-14142
1821,first-1821,last-1821,street-1821,city-1821,or,postal-1821
12122,first-12122,last-12122,street-12122,city-12122,va,postal-12122
13199,first-13199,last-13199,street-13199,city-13199,ak,postal-13199
6888,first-6888,last-6888,street-6888,city-6888,sc,postal-6888
5324,first-5324,last-5324,street-5324,city-5324,or,postal-5324
12229,first-12229,last-12229,street-12229,city-12229,mn,postal-12229
1611,first-1611,last-1611,street-1611,city-1611,mi,postal-1611
947,first-947,last-947,street-947,city-947,nv,postal-947
1160,first-1160,last-1160,street-1160,city-1160,ca,postal-1160
14602,first-14602,last-14602,street-14602,city-14602,wv,postal-14602
5536,first-5536,last-5536,street-5536,city-5536,ma,postal-5536
10919,first-10919,last-10919,street-10919,city-10919,nc,postal-10919
8930,first-8930,last-8930,street-8930,city-8930,mi,postal-8930
3843,first-3843,last-3843,street-3843,city-3843,ak,postal-3843
13017,first-13017,last-13017,street-13017,city-13017,tn,postal-13017
1731,first-1731,last-1731,street-1731,city-1731,nc,postal-1731
634,first-634,last-634,street-634,city-634,nv,postal-634
10254,first-10254,last-10254,street-10254,city-10254,va,postal-10254
2508,first-2508,last-2508,street-2508,city-2508,ca,postal-2508
23476,first-23476,last-23476,street-23476,city-23476,ny,postal-23476
15759,first-15759,last-15759,street-15759,city-15759,va,postal-15759
13356,first-13356,last-13356,street-13356,city-13356,al,postal-13356
7693,first-7693,last-7693,street-7693,city-7693,mi,postal-7693
8453,first-8453,last-8453,street-8453,city-8453,wv,postal-8453
24458,first-24458,last-24458,street-24458,city-24458,nv,postal-24458
7183,first-7183,last-7183,street-7183,city-7183,sc,postal-7183
15878,first-15878,last-15878,street-15878,city-15878,ma,postal-15878
42,first-42,last-42,street-42,city-42,or,postal-42
1978,first-1978,last-1978,street-1978,city-1978,or,postal-1978
16092,first-16092,last-16092,street-16092,city-16092,nv,postal-16092
18870,first-18870,last-18870,street-18870,city-18870,nc,postal-18870
3254,first-3254,last-3254,street-3254,city-3254,nv,postal-3254
24362,first-24362,last-24362,street-24362,city-24362,or,postal-24362
23708,first-23708,last-23708,street-23708,city-23708,mn,postal-23708
7909,first-7909,last-7909,street-7909,city-7909,mi,postal-7909
14424,first-14424,last-14424,street-14424,city-14424,mi,postal-14424
9168,first-9168,last-9168,street-9168,city-9168,tn,postal-9168
5225,first-5225,last-5225,street-5225,city-5225,nc,postal-5225
21750,first-21750,last-21750,street-21750,city-21750,mn,postal-21750
16634,first-16634,last-16634,street-16634,city-16634,mn,postal-16634
6667,first-6667,last-6667,street-6667,city-6667,nc,postal-6667
1901,first-1901,last-1901,street-1901,city-1901,ca,postal-1901
8839,first-8839,last-8839,street-8839,city-8839,nc,postal-8839
19970,first-19970,last-19970,street-19970,city-19970,va,postal-19970
8921,first-8921,last-8921,street-8921,city-8921,ny,postal-8921
23890,first-23890,last-23890,street-23890,city-23890,ca,postal-23890
22215,first-22215,last-22215,street-22215,city-22215,ca,postal-22215
14732,first-14732,last-14732,street-14732,city-14732,al,postal-14732
21380,first-21380,last-21380,street-21380,city-21380,nv,postal-21380
6602,first-6602,last-6602,street-6602,city-6602,nv,postal-6602
1830,first-1830,last-1830,street-1830,city-1830,ca,postal-1830
2721,first-2721,last-2721,street-2721,city-2721,mn,postal-2721
3225,first-3225,last-3225,street-3225,city-3225,sc,postal-3225
317,first-317,last-317,street-317,city-317,or,postal-317
1801,first-1801,last-1801,street-1801,city-1801,ma,postal-1801
11395,first-11395,last-11395,street-11395,city-11395,wv,postal-11395
1640,first-1640,last-1640,street-1640,city-1640,tn,postal-1640
18112,first-18112,last-18112,street-18112,city-18112,mn,postal-18112
3814,first-3814,last-3814,street-3814,city-3814,al,postal-3814
21916,first-21916,last-21916,street-21916,city-21916,ca,postal-21916
14747,first-14747,last-14747,street-14747,city-14747,tn,postal-14747
18161,first-18161,last-18161,street-18161,city-18161,tn,postal-18161
15389,first-15389,last-15389,street-15389,city-15389,mn,postal-15389
11822,first-11822,last-11822,street-11822,city-11822,mi,postal-11822
13097,first-13097,last-13097,street-13097,city-13097,tn,postal-13097
11852,first-11852,last-11852,street-11852,city-11852,tn,postal-11852
11206,first-11206,last-11206,street-11206,city-11206,ca,postal-11206
10124,first-10124,last-10124,street-10124,city-10124,mi,postal-10124
22683,first-22683,last-22683,street-22683,city-22683,nc,postal-22683
16417,first-16417,last-16417,street-16417,city-16417,ny,postal-16417
7287,first-7287,last-7287,street-7287,city-7287,va,postal-7287
18883,first-18883,last-18883,street-18883,city-18883,ny,postal-18883
24974,first-24974,last-24974,street-24974,city-24974,va,postal-24974
5772,first-5772,last-5772,street-5772,city-5772,mn,postal-5772
1547,first-1547,last-1547,street-1547,city-1547,ca,postal-1547
2433,first-2433,last-2433,street-2433,city-2433,tn,postal-2433
15909,first-15909,last-15909,street-15909,city-15909,wv,postal-15909
11377,first-11377,last-11377,street-11377,city-11377,sc,postal-11377
10084,first-10084,last-10084,street-10084,city-10084,ca,postal-10084
23790,first-23790,last-23790,street-23790,city-23790,wv,postal-23790
13222,first-13222,last-13222,street-13222,city-13222,tn,postal-13222
19042,first-19042,last-19042,street-19042,city-19042,or,postal-19042
24308,first-24308,last-24308,street-24308,city-24308,sc,postal-24308
15143,first-15143,last-15143,street-15143,city-15143,al,postal-15143
412,first-412,last-412,street-412,city-412,al,postal-412
7061,first-7061,last-7061,street-7061,city-7061,ma,postal-7061
5118,first-5118,last-5118,street-5118,city-5118,ca,postal-5118
484,first-484,last-484,street-484,city-484,ma,postal-484
23547,first-23547,last-23547,street-23547,city-23547,sc,postal-23547
11129,first-11129,last-11129,street-11129,city-11129,al,postal-11129
1114,first-1114,last-1114,street-1114,city-1114,nv,postal-1114
20116,first-20116,last-20116,street-20116,city-20116,nv,postal-20116
11778,first-11778,last-11778,street-11778,city-11778,nc,postal-11778
16311,first-16311,last-16311,street-16311,city-16311,ny,postal-16311
3009,first-3009,last-3009,street-3009,city-3009,mn,postal-3009
22804,first-22804,last-22804,street-22804,city-22804,wv,postal-22804
595,first-595,last-595,street-595,city-595,ny,postal-595
5445,first-5445,last-5445,street-5445,city-5445,sc,postal-5445
1062,first-1062,last-1062,street-1062,city-1062,nv,postal-1062
5944,first-5944,last-5944,street-5944,city-5944,ca,postal-5944
6764,first-6764,last-6764,street-6764,city-6764,nc,postal-6764
13155,first-13155,last-13155,street-13155,city-13155,al,postal-13155
13770,first-13770,last-13770,street-13770,city-13770,al,postal-13770
16960,first-16960,last-16960,street-16960,city-16960,ma,postal-16960
16974,first-16974,last-16974,street-16974,city-16974,mi,postal-16974
16482,first-16482,last-16482,street-16482,city-16482,tn,postal-16482
11828,first-11828,last-11828,street-11828,city-11828,wv,postal-11828
17837,first-17837,last-17837,street-17837,city-17837,sc,postal-17837
7759,first-7759,last-7759,street-7759,city-7759,va,postal-7759
4122,first-4122,last-4122,street-4122,city-4122,nc,postal-4122
22534,first-22534,last-22534,street-22534,city-22534,or,postal-22534
22260,first-22260,last-22260,street-22260,city-22260,wv,postal-22260
7530,first-7530,last-7530,street-7530,city-7530,ak,postal-7530
6591,first-6591,last-6591,street-6591,city-6591,ny,postal-6591
14364,first-14364,last-14364,street-14364,city-14364,ma,postal-14364
13911,first-13911,last-13911,street-13911,city-13911,or,postal-13911
4019,first-4019,last-4019,street-4019,city-4019,sc,postal-4019
10280,first-10280,last-10280,street-10280,city-10280,sc,postal-10280
9852,first-9852,last-9852,street-9852,city-9852,ny,postal-9852
1432,first-1432,last-1432,street-1432,city-1432,ak,postal-1432
4959,first-4959,last-4959,street-4959,city-4959,ak,postal-4959
10316,first-10316,last-10316,street-10316,city-10316,wv,postal-10316
396,first-396,last-396,street-396,city-396,or,postal-396
6538,first-6538,last-6538,street-6538,city-6538,ca,postal-6538
6082,first-6082,last-6082,street-6082,city-6082,ny,postal-6082
2446,first-2446,last-2446,street-2446,city-2446,wv,postal-2446
19930,first-19930,last-19930,street-19930,city-19930,va,postal-19930
22346,first-22346,last-22346,street-22346,city-22346,wv,postal-22346
6716,first-6716,last-6716,street-6716,city-6716,nc,postal-6716
19529,first-19529,last-19529,street-19529,city-19529,va,postal-19529
21679,first-21679,last-21679,street-21679,city-21679,va,postal-21679
10056,first-10056,last-10056,street-10056,city-10056,ny,postal-10056
24733,first-24733,last-24733,street-24733,city-24733,mi,postal-24733
1184,first-1184,last-1184,street-1184,city-1184,va,postal-1184
18444,first-18444,last-18444,street-18444,city-18444,ma,postal-18444
20570,first-20570,last-20570,street-20570,city-20570,sc,postal-20570
5635,first-5635,last-5635,street-5635,city-5635,ca,postal-5635
23618,first-23618,last-23618,street-23618,city-23618,mi,postal-23618
1384,first-1384,last-1384,street-1384,city-1384,tn,postal-1384
23632,first-23632,last-23632,street-23632,city-23632,ma,postal-23632
2816,first-2816,last-2816,street-2816,city-2816,al,postal-2816
17147,first-17147,last-17147,street-17147,city-17147,ma,postal-17147
18042,first-18042,last-18042,street-18042,city-18042,mn,postal-18042
11670,first-11670,last-11670,street-11670,city-11670,ak,postal-11670
7341,first-7341,last-7341,street-7341,city-7341,mi,postal-7341
19306,first-19306,last-19306,street-19306,city-19306,ak,postal-19306
16056,first-16056,last-16056,street-16056,city-16056,al,postal-16056
9546,first-9546,last-9546,street-9546,city-9546,tn,postal-9546
6995,first-6995,last-6995,street-6995,city-6995,ca,postal-6995
12225,first-12225,last-12225,street-12225,city-12225,mi,postal-12225
15261,first-15261,last-15261,street-15261,city-15261,nc,postal-15261
1956,first-1956,last-1956,street-1956,city-1956,mi,postal-1956
21858,first-21858,last-21858,street-21858,city-21858,ca,postal-21858
3665,first-3665,last-3665,street-3665,city-3665,tn,postal-3665
21263,first-21263,last-21263,street-21263,city-21263,ak,postal-21263
3656,first-3656,last-3656,street-3656,city-3656,tn,postal-3656
15699,first-15699,last-15699,street-15699,city-15699,ma,postal-15699
3076,first-3076,last-3076,street-3076,city-3076,ma,postal-3076
9906,first-9906,last-9906,street-9906,city-9906,ak,postal-9906
6727,first-6727,last-6727,street-6727,city-6727,or,postal-6727
1698,first-1698,last-1698,street-1698,city-1698,mn,postal-1698
17978,first-17978,last-17978,street-17978,city-17978,wv,postal-17978
17301,first-17301,last-17301,street-17301,city-17301,ny,postal-17301
7228,first-7228,last-7228,street-7228,city-7228,mi,postal-7228
22413,first-22413,last-22413,street-22413,city-22413,nc,postal-22413
3451,first-3451,last-3451,street-3451,city-3451,tn,postal-3451
6241,first-6241,last-6241,street-6241,city-6241,ny,postal-6241
6903,first-6903,last-6903,street-6903,city-6903,al,postal-6903
16719,first-16719,last-16719,street-16719,city-16719,mi,postal-16719
7120,first-7120,last-7120,street-7120,city-7120,mi,postal-7120
3876,first-3876,last-3876,street-3876,city-3876,al,postal-3876
1755,first-1755,last-1755,street-1755,city-1755,mn,postal-1755
19093,first-19093,last-19093,street-19093,city-19093,ak,postal-19093
9726,first-9726,last-9726,street-9726,city-9726,ca,postal-9726
19235,first-19235,last-19235,street-19235,city-19235,nv,postal-19235
11600,first-11600,last-11600,street-11600,city-11600,mi,postal-11600
12990,first-12990,last-12990,street-12990,city-12990,mi,postal-12990
3912,first-3912,last-3912,street-3912,city-3912,mn,postal-3912
20536,first-20536,last-20536,street-20536,city-20536,ca,postal-20536
11292,first-11292,last-11292,street-11292,city-11292,ny,postal-11292
9208,first-9208,last-9208,street-9208,city-9208,or,postal-9208
23507,first-23507,last-23507,street-23507,city-23507,va,postal-23507
14830,first-14830,last-14830,street-14830,city-14830,ak,postal-14830
15734,first-15734,last-15734,street-15734,city-15734,va,postal-15734
13870,first-13870,last-13870,street-13870,city-13870,wv,postal-13870
22328,first-22328,last-22328,street-22328,city-22328,va,postal-22328
7507,first-7507,last-7507,street-7507,city-7507,va,postal-7507
23034,first-23034,last-23034,street-23034,city-23034,mn,postal-23034
9466,first-9466,last-9466,street-9466,city-9466,tn,postal-9466
21145,first-21145,last-21145,street-21145,city-21145,sc,postal-21145
6475,first-6475,last-6475,street-6475,city-6475,mn,postal-6475
19415,first-19415,last-19415,street-19415,city-19415,ma,postal-19415
6616,first-6616,last-6616,street-6616,city-6616,sc,postal-6616
22618,first-22618,last-22618,street-22618,city-22618,sc,postal-22618
21100,first-21100,last-21100,street-21100,city-21100,mn,postal-21100
21277,first-21277,last-21277,street-21277,city-21277,nv,postal-21277
18557,first-18557,last-18557,street-18557,city-18557,nv,postal-18557
11709,first-11709,last-11709,street-11709,city-11709,ak,postal-11709
18714,first-18714,last-18714,street-18714,city-18714,al,postal-18714
16948,first-16948,last-16948,street-16948,city-16948,tn,postal-16948
9777,first-9777,last-9777,street-9777,city-9777,va,postal-9777
11470,first-11470,last-11470,street-11470,city-11470,mi,postal-11470
11280,first-11280,last-11280,street-11280,city-11280,al,postal-11280
11184,first-11184,last-11184,street-11184,city-11184,tn,postal-11184
14522,first-14522,last-14522,street-14522,city-14522,mn,postal-14522
14306,first-14306,last-14306,street-14306,city-14306,tn,postal-14306
21647,first-21647,last-21647,street-21647,city-21647,tn,postal-21647
12708,first-12708,last-12708,street-12708,city-12708,nc,postal-12708
9563,first-9563,last-9563,street-9563,city-9563,nc,postal-9563
16749,first-16749,last-16749,street-16749,city-16749,nc,postal-16749
10667,first-10667,last-10667,street-10667,city-10667,or,postal-10667
15660,first-15660,last-15660,street-15660,city-15660,ca,postal-15660
387,first-387,last-387,street-387,city-387,ny,postal-387
17521,first-17521,last-17521,street-17521,city-17521,ak,postal-17521
15901,first-15901,last-15901,street-15901,city-15901,ak,postal-15901
17650,first-17650,last-17650,street-17650,city-17650,mn,postal-17650
8740,first-8740,last-8740,street-8740,city-8740,ma,postal-8740
23593,first-23593,last-23593,street-23593,city-23593,ak,postal-23593
9901,first-9901,last-9901,street-9901,city-9901,or,postal-9901
19209,first-19209,last-19209,street-19209,city-19209,ma,postal-19209
21677,first-21677,last-21677,street-21677,city-21677,ny,postal-21677
20383,first-20383,last-20383,street-20383,city-20383,ny,postal-20383
10102,first-10102,last-10102,street-10102,city-10102,al,postal-10102
19853,first-19853,last-19853,street-19853,city-19853,nc,postal-19853
7270,first-7270,last-7270,street-7270,city-7270,ny,postal-7270
19625,first-19625,last-19625,street-19625,city-19625,nv,postal-19625
18400,first-18400,last-18400,street-18400,city-18400,mi,postal-18400
1113,first-1113,last-1113,street-1113,city-1113,mi,postal-1113
12806,first-12806,last-12806,street-12806,city-12806,ny,postal-12806
24077,first-24077,last-24077,street-24077,city-24077,ak,postal-24077
11381,first-11381,last-11381,street-11381,city-11381,ma,postal-11381
18397,first-18397,last-18397,street-18397,city-18397,sc,postal-18397
13428,first-13428,last-13428,street-13428,city-13428,ny,postal-13428
2339,first-2339,last-2339,street-2339,city-2339,al,postal-2339
15869,first-15869,last-15869,street-15869,city-15869,ca,postal-15869
16506,first-16506,last-16506,street-16506,city-16506,ca,postal-16506
17982,first-17982,last-17982,street-17982,city-17982,mn,postal-17982
14193,first-14193,last-14193,street-14193,city-14193,wv,postal-14193
5988,first-5988,last-5988,street-5988,city-5988,tn,postal-5988
23376,first-23376,last-23376,street-23376,city-23376,or,postal-23376
11484,first-11484,last-11484,street-11484,city-11484,ak,postal-11484
7944,first-7944,last-7944,street-7944,city-7944,nv,postal-7944
14073,first-14073,last-14073,street-14073,city-14073,al,postal-14073
12989,first-12989,last-12989,street-12989,city-12989,ak,postal-12989
584,first-584,last-584,street-584,city-584,or,postal-584
2530,first-2530,last-2530,street-2530,city-2530,nv,postal-2530
4850,first-4850,last-4850,street-4850,city-4850,ak,postal-4850
5020,first-5020,last-5020,street-5020,city-5020,sc,postal-5020
7571,first-7571,last-7571,street-7571,city-7571,al,postal-7571
4472,first-4472,last-4472,street-4472,city-4472,sc,postal-4472
12795,first-12795,last-12795,street-12795,city-12795,al,postal-12795
2149,first-2149,last-2149,street-2149,city-2149,ak,postal-2149
15564,first-15564,last-15564,street-15564,city-15564,ny,postal-15564
21674,first-21674,last-21674,street-21674,city-21674,al,postal-21674
9778,first-9778,last-9778,street-9778,city-9778,ma,postal-9778
342,first-342,last-342,street-342,city-342,mn,postal-342
15215,first-15215,last-15215,street-15215,city-15215,nc,postal-15215
7366,first-7366,last-7366,street-7366,city-7366,va,postal-7366
7846,first-7846,last-7846,street-7846,city-7846,ny,postal-7846
5647,first-5647,last-5647,street-5647,city-5647,ma,postal-5647
4569,first-4569,last-4569,street-4569,city-4569,mn,postal-4569
16447,first-16447,last-16447,street-16447,city-16447,mn,postal-16447
12723,first-12723,last-12723,street-12723,city-12723,sc,postal-12723
19179,first-19179,last-19179,street-19179,city-19179,wv,postal-19179
4014,first-4014,last-4014,street-4014,city-4014,ca,postal-4014
6504,first-6504,last-6504,street-6504,city-6504,sc,postal-6504
3207,first-3207,last-3207,street-3207,city-3207,mi,postal-3207
7186,first-7186,last-7186,street-7186,city-7186,nv,postal-7186
19823,first-19823,last-19823,street-19823,city-19823,va,postal-19823
9886,first-9886,last-9886,street-9886,city-9886,nv,postal-9886
4980,first-4980,last-4980,street-4980,city-4980,wv,postal-4980
16068,first-16068,last-16068,street-16068,city-16068,tn,postal-16068
2851,first-2851,last-2851,street-2851,city-2851,mi,postal-2851
14663,first-14663,last-14663,street-14663,city-14663,sc,postal-14663
22803,first-22803,last-22803,street-22803,city-22803,ny,postal-22803
16093,first-16093,last-16093,street-16093,city-16093,va,postal-16093
18485,first-18485,last-18485,street-18485,city-18485,tn,postal-18485
12064,first-12064,last-12064,street-12064,city-12064,sc,postal-12064
8220,first-8220,last-8220,street-8220,city-8220,ca,postal-8220
23869,first-23869,last-23869,street-23869,city-23869,ca,postal-23869
15371,first-15371,last-15371,street-15371,city-15371,ak,postal-15371
17670,first-17670,last-17670,street-17670,city-17670,or,postal-17670
12125,first-12125,last-12125,street-12125,city-12125,wv,postal-12125
2687,first-2687,last-2687,street-2687,city-2687,nv,postal-2687
5174,first-5174,last-5174,street-5174,city-5174,wv,postal-5174
11707,first-11707,last-11707,street-11707,city-11707,or,postal-11707
2081,first-2081,last-2081,street-2081,city-2081,ma,postal-2081
15201,first-15201,last-15201,street-15201,city-15201,ak,postal-15201
13662,first-13662,last-13662,street-13662,city-13662,ma,postal-13662
12529,first-12529,last-12529,street-12529,city-12529,mn,postal-12529
1069,first-1069,last-1069,street-1069,city-1069,tn,postal-1069
22513,first-22513,last-22513,street-22513,city-22513,ny,postal-22513
16524,first-16524,last-16524,street-16524,city-16524,nc,postal-16524
20195,first-20195,last-20195,street-20195,city-20195,wv,postal-20195
10517,first-10517,last-10517,street-10517,city-10517,ca,postal-10517
4286,first-4286,last-4286,street-4286,city-4286,ca,postal-4286
21346,first-21346,last-21346,street-21346,city-21346,ak,postal-21346
9998,first-9998,last-9998,street-9998,city-9998,ny,postal-9998
8799,first-8799,last-8799,street-8799,city-8799,mi,postal-8799
1704,first-1704,last-1704,street-1704,city-1704,mn,postal-1704
14336,first-14336,last-14336,street-14336,city-14336,tn,postal-14336
2178,first-2178,last-2178,street-2178,city-2178,va,postal-2178
4575,first-4575,last-4575,street-4575,city-4575,va,postal-4575
7822,first-7822,last-7822,street-7822,city-7822,nv,postal-7822
6471,first-6471,last-6471,street-6471,city-6471,ma,postal-6471
5903,first-5903,last-5903,street-5903,city-5903,wv,postal-5903
9695,first-9695,last-9695,street-9695,city-9695,mi,postal-9695
11899,first-11899,last-11899,street-11899,city-11899,ca,postal-11899
3750,first-3750,last-3750,street-3750,city-3750,nv,postal-3750
8420,first-8420,last-8420,street-8420,city-8420,sc,postal-8420
14146,first-14146,last-14146,street-14146,city-14146,ak,postal-14146
7454,first-7454,last-7454,street-7454,city-7454,mn,postal-7454
18136,first-18136,last-18136,street-18136,city-18136,va,postal-18136
22773,first-22773,last-22773,street-22773,city-22773,ny,postal-22773
23721,first-23721,last-23721,street-23721,city-23721,va,postal-23721
13291,first-13291,last-13291,street-13291,city-13291,ak,postal-13291
378,first-378,last-378,street-378,city-378,ma,postal-378
10315,first-10315,last-10315,street-10315,city-10315,mn,postal-10315
14929,first-14929,last-14929,street-14929,city-14929,ak,postal-14929
6332,first-6332,last-6332,street-6332,city-6332,ak,postal-6332
5062,first-5062,last-5062,street-5062,city-5062,va,postal-5062
7218,first-7218,last-7218,street-7218,city-7218,tn,postal-7218
11391,first-11391,last-11391,street-11391,city-11391,mn,postal-11391
9318,first-9318,last-9318,street-9318,city-9318,al,postal-9318
8235,first-8235,last-8235,street-8235,city-8235,al,postal-8235
5937,first-5937,last-5937,street-5937,city-5937,wv,postal-5937
3430,first-3430,last-3430,street-3430,city-3430,nv,postal-3430
16815,first-16815,last-16815,street-16815,city-16815,ak,postal-16815
4275,first-4275,last-4275,street-4275,city-4275,tn,postal-4275
6981,first-6981,last-6981,street-6981,city-6981,va,postal-6981
19846,first-19846,last-19846,street-19846,city-19846,ca,postal-19846
24065,first-24065,last-24065,street-24065,city-24065,nv,postal-24065
1192,first-1192,last-1192,street-1192,city-1192,or,postal-1192
21641,first-21641,last-21641,street-21641,city-21641,ca,postal-21641
24604,first-24604,last-24604,street-24604,city-24604,ak,postal-24604
8538,first-8538,last-8538,street-8538,city-8538,or,postal-8538
9257,first-9257,last-9257,street-9257,city-9257,nv,postal-9257
10333,first-10333,last-10333,street-10333,city-10333,ca,postal-10333
21691,first-21691,last-21691,street-21691,city-21691,ca,postal-21691
24066,first-24066,last-24066,street-24066,city-24066,nc,postal-24066
4128,first-4128,last-4128,street-4128,city-4128,ny,postal-4128
15197,first-15197,last-15197,street-15197,city-15197,mn,postal-15197
6850,first-6850,last-6850,street-6850,city-6850,ak,postal-6850
15132,first-15132,last-15132,street-15132,city-15132,tn,postal-15132
16757,first-16757,last-16757,street-16757,city-16757,va,postal-16757
18171,first-18171,last-18171,street-18171,city-18171,ca,postal-18171
5402,first-5402,last-5402,street-5402,city-5402,ca,postal-5402
10687,first-10687,last-10687,street-10687,city-10687,or,postal-10687
24257,first-24257,last-24257,street-24257,city-24257,wv,postal-24257
17336,first-17336,last-17336,street-17336,city-17336,tn,postal-17336
23677,first-23677,last-23677,street-23677,city-23677,mn,postal-23677
19761,first-19761,last-19761,street-19761,city-19761,ak,postal-19761
15726,first-15726,last-15726,street-15726,city-15726,mn,postal-15726
10457,first-10457,last-10457,street-10457,city-10457,nv,postal-10457
5275,first-5275,last-5275,street-5275,city-5275,tn,postal-5275
24580,first-24580,last-24580,street-24580,city-24580,or,postal-24580
11270,first-11270,last-11270,street-11270,city-11270,nv,postal-11270
18661,first-18661,last-18661,street-18661,city-18661,va,postal-18661
10264,first-10264,last-10264,street-10264,city-10264,wv,postal-10264
13585,first-13585,last-13585,street-13585,city-13585,ny,postal-13585
15906,first-15906,last-15906,street-15906,city-15906,ak,postal-15906
7202,first-7202,last-7202,street-7202,city-7202,va,postal-7202
23670,first-23670,last-23670,street-23670,city-23670,mn,postal-23670
14821,first-14821,last-14821,street-14821,city-14821,or,postal-14821
5972,first-5972,last-5972,street-5972,city-5972,or,postal-5972
12762,first-12762,last-12762,street-12762,city-12762,or,postal-12762
1771,first-1771,last-1771,street-1771,city-1771,mi,postal-1771
11252,first-11252,last-11252,street-11252,city-11252,sc,postal-11252
6892,first-6892,last-6892,street-6892,city-6892,sc,postal-6892
1508,first-1508,last-1508,street-1508,city-1508,va,postal-1508
17482,first-17482,last-17482,street-17482,city-17482,nv,postal-17482
13951,first-13951,last-13951,street-13951,city-13951,ak,postal-13951
24218,first-24218,last-24218,street-24218,city-24218,wv,postal-24218
425,first-425,last-425,street-425,city-425,nc,postal-425
23135,first-23135,last-23135,street-23135,city-23135,nv,postal-23135
22858,first-22858,last-22858,street-22858,city-22858,ny,postal-22858
9572,first-9572,last-9572,street-9572,city-9572,va,postal-9572
23854,first-23854,last-23854,street-23854,city-23854,nc,postal-23854
20452,first-20452,last-20452,street-20452,city-20452,wv,postal-20452
8574,first-8574,last-8574,street-8574,city-8574,ak,postal-8574
4315,first-4315,last-4315,street-4315,city-4315,or,postal-4315
13412,first-13412,last-13412,street-13412,city-13412,ny,postal-13412
9942,first-9942,last-9942,street-9942,city-9942,ca,postal-9942
21466,first-21466,last-21466,street-21466,city-21466,al,postal-21466
9038,first-9038,last-9038,street-9038,city-9038,mn,postal-9038
22965,first-22965,last-22965,street-22965,city-22965,wv,postal-22965
7236,first-7236,last-7236,street-7236,city-7236,ma,postal-7236
21911,first-21911,last-21911,street-21911,city-21911,mn,postal-21911
6420,first-6420,last-6420,street-6420,city-6420,al,postal-6420
637,first-637,last-637,street-637,city-637,al,postal-637
24743,first-24743,last-24743,street-24743,city-24743,ca,postal-24743
24312,first-24312,last-24312,street-24312,city-24312,ma,postal-24312
12119,first-12119,last-12119,street-12119,city-12119,nc,postal-12119
9721,first-9721,last-9721,street-9721,city-9721,mi,postal-9721
4846,first-4846,last-4846,street-4846,city-4846,va,postal-4846
14786,first-14786,last-14786,street-14786,city-14786,ny,postal-14786
6784,first-6784,last-6784,street-6784,city-6784,ca,postal-6784
5862,first-5862,last-5862,street-5862,city-5862,wv,postal-5862
5928,first-5928,last-5928,street-5928,city-5928,ca,postal-5928
8001,first-8001,last-8001,street-8001,city-8001,ca,postal-8001
5065,first-5065,last-5065,street-5065,city-5065,mn,postal-5065
21954,first-21954,last-21954,street-21954,city-21954,ny,postal-21954
14468,first-14468,last-14468,street-14468,city-14468,nc,postal-14468
19666,first-19666,last-19666,street-19666,city-19666,ny,postal-19666
139,first-139,last-139,street-139,city-139,nc,postal-139
21323,first-21323,last-21323,street-21323,city-21323,al,postal-21323
21776,first-21776,last-21776,street-21776,city-21776,nc,postal-21776
3630,first-3630,last-3630,street-3630,city-3630,al,postal-3630
1395,first-1395,last-1395,street-1395,city-1395,al,postal-1395
23463,first-23463,last-23463,street-23463,city-23463,ny,postal-23463
3787,first-3787,last-3787,street-3787,city-3787,mn,postal-3787
18148,first-18148,last-18148,street-18148,city-18148,wv,postal-18148
6346,first-6346,last-6346,street-6346,city-6346,mi,postal-6346
2389,first-2389,last-2389,street-2389,city-2389,nv,postal-2389
17866,first-17866,last-17866,street-17866,city-17866,wv,postal-17866
9028,first-9028,last-9028,street-9028,city-9028,ak,postal-9028
18127,first-18127,last-18127,street-18127,city-18127,nv,postal-18127
3702,first-3702,last-3702,street-3702,city-3702,ny,postal-3702
4162,first-4162,last-4162,street-4162,city-4162,nc,postal-4162
22741,first-22741,last-22741,street-22741,city-22741,ny,postal-22741
19966,first-19966,last-19966,street-19966,city-19966,va,postal-19966
5383,first-5383,last-5383,street-5383,city-5383,mn,postal-5383
20369,first-20369,last-20369,street-20369,city-20369,tn,postal-20369
10205,first-10205,last-10205,street-10205,city-10205,mi,postal-10205
14298,first-14298,last-14298,street-14298,city-14298,mi,postal-14298
14608,first-14608,last-14608,street-14608,city-14608,wv,postal-14608
15372,first-15372,last-15372,street-15372,city-15372,al,postal-15372
2365,first-2365,last-2365,street-2365,city-2365,wv,postal-2365
2404,first-2404,last-2404,street-2404,city-2404,tn,postal-2404
12735,first-12735,last-12735,street-12735,city-12735,sc,postal-12735
2030,first-2030,last-2030,street-2030,city-2030,ak,postal-2030
9682,first-9682,last-9682,street-9682,city-9682,al,postal-9682
10774,first-10774,last-10774,street-10774,city-10774,va,postal-10774
12682,first-12682,last-12682,street-12682,city-12682,ny,postal-12682
2495,first-2495,last-2495,street-2495,city-2495,nv,postal-2495
322,first-322,last-322,street-322,city-322,nv,postal-322
8019,first-8019,last-8019,street-8019,city-8019,sc,postal-8019
19700,first-19700,last-19700,street-19700,city-19700,al,postal-19700
5747,first-5747,last-5747,street-5747,city-5747,wv,postal-5747
21928,first-21928,last-21928,street-21928,city-21928,al,postal-21928
15079,first-15079,last-15079,street-15079,city-15079,al,postal-15079
18610,first-18610,last-18610,street-18610,city-18610,ny,postal-18610
10699,first-10699,last-10699,street-10699,city-10699,or,postal-10699
3520,first-3520,last-3520,street-3520,city-3520,ca,postal-3520
24800,first-24800,last-24800,street-24800,city-24800,al,postal-24800
10526,first-10526,last-10526,street-10526,city-10526,tn,postal-10526
14699,first-14699,last-14699,street-14699,city-14699,va,postal-14699
19207,first-19207,last-19207,street-19207,city-19207,al,postal-19207
19139,first-19139,last-19139,street-19139,city-19139,mn,postal-19139
6693,first-6693,last-6693,street-6693,city-6693,nv,postal-6693
826,first-826,last-826,street-826,city-826,mi,postal-826
22949,first-22949,last-22949,street-22949,city-22949,mi,postal-22949
11786,first-11786,last-11786,street-11786,city-11786,tn,postal-11786
4446,first-4446,last-4446,street-4446,city-4446,mn,postal-4446
21784,first-21784,last-21784,street-21784,city-21784,ca,postal-21784
23827,first-23827,last-23827,street-23827,city-23827,va,postal-23827
13096,first-13096,last-13096,street-13096,city-13096,nv,postal-13096
4061,first-4061,last-4061,street-4061,city-4061,or,postal-4061
18636,first-18636,last-18636,street-18636,city-18636,tn,postal-18636
981,first-981,last-981,street-981,city-981,ma,postal-981
3636,first-3636,last-3636,street-3636,city-3636,mi,postal-3636
10252,first-10252,last-10252,street-10252,city-10252,nv,postal-10252
14205,first-14205,last-14205,street-14205,city-14205,mi,postal-14205
17260,first-17260,last-17260,street-17260,city-17260,ca,postal-17260
9426,first-9426,last-9426,street-9426,city-9426,nv,postal-9426
17245,first-17245,last-17245,street-17245,city-17245,va,postal-17245
16074,first-16074,last-16074,street-16074,city-16074,tn,postal-16074
8171,first-8171,last-8171,street-8171,city-8171,ak,postal-8171
20553,first-20553,last-20553,street-20553,city-20553,nc,postal-20553
4937,first-4937,last-4937,street-4937,city-4937,ny,postal-4937
13856,first-13856,last-13856,street-13856,city-13856,ca,postal-13856
3975,first-3975,last-3975,street-3975,city-3975,ny,postal-3975
2515,first-2515,last-2515,street-2515,city-2515,ma,postal-2515
20308,first-20308,last-20308,street-20308,city-20308,tn,postal-20308
4367,first-4367,last-4367,street-4367,city-4367,mi,postal-4367
14806,first-14806,last-14806,street-14806,city-14806,mn,postal-14806
13850,first-13850,last-13850,street-13850,city-13850,wv,postal-13850
24684,first-24684,last-24684,street-24684,city-24684,mn,postal-24684
19683,first-19683,last-19683,street-19683,city-19683,mn,postal-19683
1035,first-1035,last-1035,street-1035,city-1035,mi,postal-1035
11237,first-11237,last-11237,street-11237,city-11237,sc,postal-11237
10354,first-10354,last-10354,street-10354,city-10354,al,postal-10354
6605,first-6605,last-6605,street-6605,city-6605,nc,postal-6605
723,first-723,last-723,street-723,city-723,nc,postal-723
13142,first-13142,last-13142,street-13142,city-13142,or,postal-13142
12810,first-12810,last-12810,street-12810,city-12810,sc,postal-12810
20956,first-20956,last-20956,street-20956,city-20956,mi,postal-20956
1234,first-1234,last-1234,street-1234,city-1234,nv,postal-1234
24577,first-24577,last-24577,street-24577,city-24577,ny,postal-24577
15260,first-15260,last-15260,street-15260,city-15260,al,postal-15260
23975,first-23975,last-23975,street-23975,city-23975,mi,postal-23975
7709,first-7709,last-7709,street-7709,city-7709,ca,postal-7709
18292,first-18292,last-18292,street-18292,city-18292,nc,postal-18292
23323,first-23323,last-23323,street-23323,city-23323,mn,postal-23323
14570,first-14570,last-14570,street-14570,city-14570,nc,postal-14570
16248,first-16248,last-16248,street-16248,city-16248,va,postal-16248
18685,first-18685,last-18685,street-18685,city-18685,nv,postal-18685
19059,first-19059,last-19059,street-19059,city-19059,or,postal-19059
8875,first-8875,last-8875,street-8875,city-8875,wv,postal-8875
24629,first-24629,last-24629,street-24629,city-24629,ma,postal-24629
16699,first-16699,last-16699,street-16699,city-16699,ny,postal-16699
2360,first-2360,last-2360,street-2360,city-2360,wv,postal-2360
23139,first-23139,last-23139,street-23139,city-23139,nv,postal-23139
19878,first-19878,last-19878,street-19878,city-19878,ma,postal-19878
10831,first-10831,last-10831,street-10831,city-10831,mi,postal-10831
1546,first-1546,last-1546,street-1546,city-1546,ca,postal-1546
3202,first-3202,last-3202,street-3202,city-3202,wv,postal-3202
12358,first-12358,last-12358,street-12358,city-12358,or,postal-12358
9357,first-9357,last-9357,street-9357,city-9357,tn,postal-9357
24493,first-24493,last-24493,street-24493,city-24493,wv,postal-24493
12196,first-12196,last-12196,street-12196,city-12196,ny,postal-12196
19047,first-19047,last-19047,street-19047,city-19047,al,postal-19047
11645,first-11645,last-11645,street-11645,city-11645,ny,postal-11645
6479,first-6479,last-6479,street-6479,city-6479,ma,postal-6479
16493,first-16493,last-16493,street-16493,city-16493,nv,postal-16493
9159,first-9159,last-9159,street-9159,city-9159,or,postal-9159
22152,first-22152,last-22152,street-22152,city-22152,mn,postal-22152
23862,first-23862,last-23862,street-23862,city-23862,nc,postal-23862
14377,first-14377,last-14377,street-14377,city-14377,nv,postal-14377
19485,first-19485,last-19485,street-19485,city-19485,va,postal-19485
7891,first-7891,last-7891,street-7891,city-7891,or,postal-7891
16675,first-16675,last-16675,street-16675,city-16675,mi,postal-16675
14801,first-14801,last-14801,street-14801,city-14801,sc,postal-14801
6451,first-6451,last-6451,street-6451,city-6451,ma,postal-6451
24358,first-24358,last-24358,street-24358,city-24358,nv,postal-24358
15367,first-15367,last-15367,street-15367,city-15367,mn,postal-15367
12333,first-12333,last-12333,street-12333,city-12333,ak,postal-12333
4421,first-4421,last-4421,street-4421,city-4421,tn,postal-4421
12855,first-12855,last-12855,street-12855,city-12855,tn,postal-12855
15233,first-15233,last-15233,street-15233,city-15233,ak,postal-15233
24690,first-24690,last-24690,street-24690,city-24690,nv,postal-24690
24841,first-24841,last-24841,street-24841,city-24841,ak,postal-24841
6760,first-6760,last-6760,street-6760,city-6760,mi,postal-6760
19910,first-19910,last-19910,street-19910,city-19910,ak,postal-19910
1005,first-1005,last-1005,street-1005,city-1005,ny,postal-1005
1061,first-1061,last-1061,street-1061,city-1061,al,postal-1061
22585,first-22585,last-22585,street-22585,city-22585,or,postal-22585
14085,first-14085,last-14085,street-14085,city-14085,al,postal-14085
12245,first-12245,last-12245,street-12245,city-12245,wv,postal-12245
20740,first-20740,last-20740,street-20740,city-20740,or,postal-20740
21219,first-21219,last-21219,street-21219,city-21219,ak,postal-21219
14477,first-14477,last-14477,street-14477,city-14477,tn,postal-14477
16175,first-16175,last-16175,street-16175,city-16175,mi,postal-16175
9123,first-9123,last-9123,street-9123,city-9123,ca,postal-9123
18607,first-18607,last-18607,street-18607,city-18607,ma,postal-18607
2565,first-2565,last-2565,street-2565,city-2565,ny,postal-2565
5754,first-5754,last-5754,street-5754,city-5754,tn,postal-5754
18560,first-18560,last-18560,street-18560,city-18560,ca,postal-18560
23173,first-23173,last-23173,street-23173,city-23173,ca,postal-23173
7522,first-7522,last-7522,street-7522,city-7522,or,postal-7522
22970,first-22970,last-22970,street-22970,city-22970,tn,postal-22970
783,first-783,last-783,street-783,city-783,nv,postal-783
12981,first-12981,last-12981,street-12981,city-12981,nc,postal-12981
9458,first-9458,last-9458,street-9458,city-9458,mi,postal-9458
12562,first-12562,last-12562,street-12562,city-12562,ma,postal-12562
2893,first-2893,last-2893,street-2893,city-2893,nv,postal-2893
7504,first-7504,last-7504,street-7504,city-7504,ak,postal-7504
19305,first-19305,last-19305,street-19305,city-19305,ak,postal-19305
1512,first-1512,last-1512,street-1512,city-1512,va,postal-1512
2283,first-2283,last-2283,street-2283,city-2283,al,postal-2283
7150,first-7150,last-7150,street-7150,city-7150,ny,postal-7150
15530,first-15530,last-15530,street-15530,city-15530,al,postal-15530
13153,first-13153,last-13153,street-13153,city-13153,ma,postal-13153
16085,first-16085,last-16085,street-16085,city-16085,nv,postal-16085
22095,first-22095,last-22095,street-22095,city-22095,ca,postal-22095
20007,first-20007,last-20007,street-20007,city-20007,mi,postal-20007
16101,first-16101,last-16101,street-16101,city-16101,ak,postal-16101
6051,first-6051,last-6051,street-6051,city-6051,tn,postal-6051
11334,first-11334,last-11334,street-11334,city-11334,al,postal-11334
17838,first-17838,last-17838,street-17838,city-17838,ca,postal-17838
9963,first-9963,last-9963,street-9963,city-9963,or,postal-9963
1424,first-1424,last-1424,street-1424,city-1424,ak,postal-1424
10607,first-10607,last-10607,street-10607,city-10607,ca,postal-10607
18746,first-18746,last-18746,street-18746,city-18746,sc,postal-18746
17411,first-17411,last-17411,street-17411,city-17411,ny,postal-17411
10537,first-10537,last-10537,street-10537,city-10537,mn,postal-10537
17882,first-17882,last-17882,street-17882,city-17882,al,postal-17882
7689,first-7689,last-7689,street-7689,city-7689,va,postal-7689
3698,first-3698,last-3698,street-3698,city-3698,ma,postal-3698
12995,first-12995,last-12995,street-12995,city-12995,ma,postal-12995
22888,first-22888,last-22888,street-22888,city-22888,ny,postal-22888
20924,first-20924,last-20924,street-20924,city-20924,or,postal-20924
23057,first-23057,last-23057,street-23057,city-23057,or,postal-23057
1070,first-1070,last-1070,street-1070,city-1070,or,postal-1070
20917,first-20917,last-20917,street-20917,city-20917,ca,postal-20917
13533,first-13533,last-13533,street-13533,city-13533,al,postal-13533
17820,first-17820,last-17820,street-17820,city-17820,or,postal-17820